<?xml version="1.0" encoding="UTF-8"?>
<project-private xmlns="http://www.netbeans.org/ns/project-private/1">
    <editor-bookmarks xmlns="http://www.netbeans.org/ns/editor-bookmarks/2" lastBookmarkId="0"/>
    <open-files xmlns="http://www.netbeans.org/ns/projectui-open-files/2">
        <group>
            <file>file:/D:/My%20Files/NetBeansProjects/tute7/web/index.jsp</file>
            <file>file:/D:/My%20Files/NetBeansProjects/tute7/web/style.css</file>
            <file>file:/D:/My%20Files/NetBeansProjects/tute7/src/java/Functions/login.java</file>
            <file>file:/D:/My%20Files/NetBeansProjects/tute7/web/login.jsp</file>
            <file>file:/D:/My%20Files/NetBeansProjects/tute7/web/logout.jsp</file>
            <file>file:/D:/My%20Files/NetBeansProjects/tute7/web/profile.jsp</file>
            <file>file:/D:/My%20Files/NetBeansProjects/tute7/web/nav.jsp</file>
        </group>
    </open-files>
</project-private>
